timestamp,temperature,humidity,wind_speed,energy_consumption
2025-01-01 00:00:00,22.202405450561688,59.021198517380896,8.672374546282317,118.88181107788334
2025-01-01 01:00:00,24.338527635727743,57.55726243397995,4.933236367971887,97.81333563428957
2025-01-01 02:00:00,25.407363273576827,61.51144936618977,11.225289139601898,85.90547902689735
2025-01-01 03:00:00,24.444845396326823,59.97899708165001,6.223649949100421,87.27056502115703
2025-01-01 04:00:00,23.660753877545478,60.51485463309897,10.206379144592862,102.3478090188843
2025-01-01 05:00:00,25.986262009391538,56.41923754976505,9.685252818140306,92.12648846031409
2025-01-01 06:00:00,26.340038874572794,51.86368108928851,10.05510607717784,99.33662556110545
2025-01-01 07:00:00,23.90688958757578,49.55177385185914,7.236725363507906,102.21522413619293
2025-01-01 08:00:00,25.61110778791336,52.245643875222896,9.833484153738764,98.78178712392308
2025-01-01 09:00:00,24.22532982812116,57.25178026903304,9.021463891815262,114.97327369643719
2025-01-01 10:00:00,24.682809339241167,50.20571915089657,11.434534655738624,101.22821197824477
2025-01-01 11:00:00,24.820332222222966,50.82611835102943,10.096080215644577,126.50710832543163
2025-01-01 12:00:00,24.95503971362979,47.47233471901617,9.463018206581685,93.77864604722983
2025-01-01 13:00:00,24.17825603212732,47.330597005020785,13.525506758056792,112.81483925101035
2025-01-01 14:00:00,24.615600959883263,52.21181430490674,9.679081226554482,101.89644834419053
2025-01-01 15:00:00,19.839772644310273,48.566480883499324,11.781446240165529,83.24504579223661
2025-01-01 16:00:00,23.869737627837072,50.29873366898556,10.946544561485796,91.79790068238468
2025-01-01 17:00:00,21.36219244703615,53.14955215479638,10.121586199382373,97.34251175305275
2025-01-01 18:00:00,19.734766712817105,56.05688123574638,10.799758675723714,99.5516484562803
2025-01-01 19:00:00,22.28720803688552,57.92276634871508,12.263193994497763,90.50373143670605
2025-01-01 20:00:00,22.763760354033888,55.58416884146108,9.552391870807291,76.89674910943019
2025-01-01 21:00:00,23.706395339050655,60.1287161816606,11.902477570849241,101.35450045397144
2025-01-01 22:00:00,23.222447125131367,63.84890236934612,9.69878378738306,118.9008807110106
2025-01-01 23:00:00,24.05415666446826,58.953964261735834,11.667686678035563,105.23663301868866
2025-01-02 00:00:00,23.25835117182784,61.52649057528559,11.511399856190078,88.88467739808429
2025-01-02 01:00:00,24.564251546733427,61.2452715235981,10.020536336588831,96.12602048401159
2025-01-02 02:00:00,26.738105476387098,61.24060268927879,9.968590621837636,100.36363840908822
2025-01-02 03:00:00,23.854654675326696,62.03323664775504,9.347956536089795,101.22509838594851
2025-01-02 04:00:00,25.263736546542575,58.3203211685449,8.945859027617395,103.87471922686618
2025-01-02 05:00:00,25.537551498409222,57.404138962334684,6.692032401063658,100.62985817998577
2025-01-02 06:00:00,26.276424196183548,53.69999479849663,11.03216687856583,101.3298952591059
2025-01-02 07:00:00,25.244968455527363,53.08681704187253,10.079274946979083,123.2455740793906
2025-01-02 08:00:00,23.457470437719977,52.78336071454971,13.465793795198138,101.90079504724143
2025-01-02 09:00:00,24.376322864745987,50.21767163377499,3.994563338860056,105.09487642458569
2025-01-02 10:00:00,25.99608814135829,53.39391849681159,10.710318107858255,117.03259496656739
2025-01-02 11:00:00,24.057272650320698,48.74848975225465,9.222484517072187,90.55257599333774
2025-01-02 12:00:00,23.656816554768398,52.57659579225874,12.028403771917745,96.529921542489
2025-01-02 13:00:00,22.571108215658846,52.77278674817233,9.377758254266325,111.19132110943694
2025-01-02 14:00:00,23.26105613521199,49.122302550963816,7.121278678758371,101.97492825583632
2025-01-02 15:00:00,19.259376529435983,52.10267010093486,12.049952150604087,92.7135475217172
2025-01-02 16:00:00,22.415264807251113,55.18371701236416,10.51420981273169,98.3586059251438
2025-01-02 17:00:00,21.87245808456416,55.03183645677979,13.070881671079167,97.0086967655349
2025-01-02 18:00:00,21.651754576648987,53.54405303060119,9.171540433827687,97.79968867149485
2025-01-02 19:00:00,20.997676875239367,52.156861660369415,11.748018966497813,99.2456721861001
2025-01-02 20:00:00,22.107015612117678,58.18807279276988,13.278450806846013,116.91700518556094
2025-01-02 21:00:00,20.29206578146975,58.72815321689614,11.795192543624028,103.012801864349
2025-01-02 22:00:00,20.491703984538123,59.46810608197628,11.088150383746287,99.59098473818409
2025-01-02 23:00:00,23.297241716496174,58.71499726304011,7.556981389459608,97.63474902089762
2025-01-03 00:00:00,25.28683522388863,59.94461778245207,10.704508172744337,78.1348134778442
2025-01-03 01:00:00,24.480405732273844,58.66091872161106,12.361243349224381,101.9726621057161
2025-01-03 02:00:00,23.77802844374559,58.00915848461474,9.579855369080313,105.72048027098981
2025-01-03 03:00:00,24.758972865970577,59.028288819218616,12.24290753763223,106.52193781609265
2025-01-03 04:00:00,25.531717980407144,59.56835129125505,9.027312083331658,71.35691187026404
2025-01-03 05:00:00,25.36820018634349,57.12882402246903,10.888831875012599,112.5233142879582
2025-01-03 06:00:00,27.055655498986177,50.79571932798362,9.111392387598055,105.52868194417084
2025-01-03 07:00:00,25.69733133325887,54.02271047116714,10.174591661134157,82.28652225812844
2025-01-03 08:00:00,23.984199622735353,50.45425682859331,9.134074143298353,113.82903943056287
2025-01-03 09:00:00,23.162267234346047,48.99192897511178,11.464730222527171,103.1185124029812
2025-01-03 10:00:00,23.79662800762763,50.25717502757993,11.33398353218252,101.90265181695172
2025-01-03 11:00:00,23.251438271656188,52.14921915415373,10.003095652175126,107.96734386414053
2025-01-03 12:00:00,23.90964486209634,47.44351182111705,12.102513076632912,104.32797013430681
2025-01-03 13:00:00,24.549203830565784,49.87400788490816,9.139451520010715,103.74587723428712
2025-01-03 14:00:00,20.342878290650358,53.89385358843893,9.909590352466182,87.76511184844352
2025-01-03 15:00:00,22.292237479323372,49.60879443902173,9.073588642393508,83.99469600051887
2025-01-03 16:00:00,20.95847910899138,53.287640910770264,7.270828432341063,109.96619830900556
2025-01-03 17:00:00,21.375548315687627,53.11448408936381,9.551969941968451,101.7708796710635
2025-01-03 18:00:00,22.33082002071737,55.226587459150934,8.930046294164242,96.23555342772657
2025-01-03 19:00:00,23.09589655007077,57.62862348549425,8.86461905624026,96.77595943041011
2025-01-03 20:00:00,21.666288508728385,57.36356383992711,11.060315484743835,88.24265104467116
2025-01-03 21:00:00,20.410262832730414,59.76131970824042,6.658062320393228,85.2307042485072
2025-01-03 22:00:00,24.43728909141983,59.2612067554932,5.861932081460834,81.98435164926244
2025-01-03 23:00:00,21.553557645172678,61.498858160206176,9.435023650343831,95.8079571115396
2025-01-04 00:00:00,23.55462197627175,60.00482107565316,10.425653848002879,100.05072045247887
2025-01-04 01:00:00,23.659973824686404,61.2295011778558,10.648926658708397,113.63063472559622
2025-01-04 02:00:00,22.506018898623932,61.546013266108275,9.30711497164627,84.95309466677308
2025-01-04 03:00:00,24.22563612099156,57.370166395824,9.737880250950282,99.98509315146113
2025-01-04 04:00:00,25.517076762458462,56.03068830466634,7.471016657767433,95.7600802436591
2025-01-04 05:00:00,25.79825307454687,56.64846450466916,10.788666405057793,102.43362153110104
2025-01-04 06:00:00,25.84680947918959,55.04836239142996,9.59489998149705,91.15542058746885
2025-01-04 07:00:00,26.562749419171613,53.381260123961084,11.524875150504855,95.60243431162337
2025-01-04 08:00:00,24.33714826465703,53.786499330948594,8.465558068183645,91.99192820998442
2025-01-04 09:00:00,24.447548149777692,53.31971690818009,11.338752629434868,91.98057556613787
2025-01-04 10:00:00,22.19187062468023,50.074799742354756,8.849251145600029,112.18271940257475
2025-01-04 11:00:00,22.61469699417439,52.37754295471664,9.673991136911967,92.8283269676463
2025-01-04 12:00:00,24.082630778298252,50.25137637332513,9.876074732150913,105.24435950517369
2025-01-04 13:00:00,22.623200921991504,49.85120232363783,10.516429657520273,99.93942563477404
2025-01-04 14:00:00,22.720456096976797,50.08328601225779,10.399634208260306,98.05362565308751
2025-01-04 15:00:00,22.442677004014417,49.65965397945229,7.46397241787102,100.27046324244607
2025-01-04 16:00:00,20.244625283845085,51.03710707916263,10.091008078384878,91.7011151250159
2025-01-04 17:00:00,19.40196952886195,51.67177907159791,7.760121792129816,106.6506892676015
2025-01-04 18:00:00,22.377014382848024,55.46700764228672,9.404958127868964,86.61745219315571
2025-01-04 19:00:00,23.07892114747861,56.27606737352763,9.240309358489275,87.09011140707102
2025-01-04 20:00:00,22.313151264928823,54.79400638572875,10.602910793376486,100.18829281061086
2025-01-04 21:00:00,21.670055003958648,58.429173068527284,11.452304643983693,101.77202827824946
2025-01-04 22:00:00,23.007051722701643,58.2220586833028,8.722378766129047,102.82722144665408
2025-01-04 23:00:00,22.647941599029622,60.388918905444484,9.840196232004756,95.68644238734078
2025-01-05 00:00:00,23.889784219666726,63.688523824058315,11.628849507354145,93.6550099582725
2025-01-05 01:00:00,23.804554904826148,60.97612453793381,10.040015793488633,99.13238652937977
2025-01-05 02:00:00,23.887114819327252,59.112711999118645,8.334724654822256,102.72907602020864
2025-01-05 03:00:00,27.64437466540227,57.387610324427975,7.4128298888211575,103.24076631167466
2025-01-05 04:00:00,24.51455193877252,60.22028846202663,12.853381023489085,103.28106998177438
2025-01-05 05:00:00,25.93722295151306,55.57870741160197,10.658052269712856,98.45016617375897
2025-01-05 06:00:00,26.619516150025298,52.298524974477196,11.108868985633936,100.21444767066868
2025-01-05 07:00:00,23.449909593146746,55.68685681576614,10.406628981940063,114.51376702248277
2025-01-05 08:00:00,24.563119338502798,51.80045867583455,10.237736379828108,115.83935015525353
2025-01-05 09:00:00,24.519100264250053,50.24789396729102,13.59922600553675,100.76090002906463
2025-01-05 10:00:00,25.063855889946847,47.75705890583052,10.144376848627397,96.93938714524731
2025-01-05 11:00:00,24.21916333733465,52.34304473875058,8.13858435403015,88.8088324457949
2025-01-05 12:00:00,23.901414109474352,52.5379519152601,12.024480929233386,97.32252780561343
2025-01-05 13:00:00,22.85427111866921,48.04874985613113,9.21134736254569,90.6166246239099
2025-01-05 14:00:00,22.213052465049913,49.780237216551306,6.346286658575702,103.01052758365044
2025-01-05 15:00:00,22.649632972672006,47.14819363243018,13.028562190712345,101.83544583277968
2025-01-05 16:00:00,22.27669189577054,51.479466711828195,8.103716326062308,89.98427022210097
2025-01-05 17:00:00,21.902623632492087,51.91804958145913,5.92479777478004,107.74457289040879
2025-01-05 18:00:00,20.83437459169261,56.819085847788415,13.007043234107481,94.9403560774691
2025-01-05 19:00:00,20.515514055633115,59.080133207010746,10.216595100029947,94.51183124954916
2025-01-05 20:00:00,20.614664933710344,57.264829449097554,12.426102766445293,101.87509544074949
2025-01-05 21:00:00,21.150006121326633,55.12598804329937,5.606774461670755,98.51564279119064
2025-01-05 22:00:00,22.46426516783708,58.95764646533452,12.51592894941139,94.62497812134488
2025-01-05 23:00:00,21.231556184921075,63.36461006816376,8.015870136756229,105.24134188649819
2025-01-06 00:00:00,23.221852369626745,62.22521048028244,6.255981303529755,106.42478688617227
2025-01-06 01:00:00,23.01401815202005,57.441842915170206,8.453889446704808,110.16437699204415
2025-01-06 02:00:00,25.581626365982068,59.01358595042263,11.955344001493744,94.46380047591605
2025-01-06 03:00:00,25.220724327349085,58.31751874846932,9.529748064014289,105.11686118958889
2025-01-06 04:00:00,24.315996599669084,53.889591357708795,15.360862301326925,94.65030757786437
2025-01-06 05:00:00,25.063349565359186,55.26814267545404,10.99854577206904,92.83297414480757
2025-01-06 06:00:00,26.02706020440327,55.52802172170903,7.956052873656127,124.68913311788431
2025-01-06 07:00:00,24.570802525242602,54.655719425618194,10.875455519556796,96.33724577988154
2025-01-06 08:00:00,24.812936440477422,51.19408559063465,13.281716881324108,85.50817660188312
2025-01-06 09:00:00,24.911086082365664,53.62689829885002,9.665195692542577,103.60655056663444
2025-01-06 10:00:00,23.349582121089085,51.45906924647998,9.955541290867538,95.92982346242994
2025-01-06 11:00:00,24.566713429796398,52.80149708896809,5.550915572060878,102.95501679797019
2025-01-06 12:00:00,22.900022628068896,47.92861613286384,8.836598869142684,99.89638032745911
2025-01-06 13:00:00,21.12126019453813,55.18364887513373,10.328238390903465,106.07916370702853
2025-01-06 14:00:00,23.191355556672217,49.93730498664943,12.155932043239686,83.4955820594656
2025-01-06 15:00:00,24.243941675491115,50.0983274963045,9.055304616012522,90.99154226132742
2025-01-06 16:00:00,20.768763198586086,51.63381144482869,11.040492620493497,92.88445369825963
2025-01-06 17:00:00,21.6991424545822,54.81283521059477,9.145081815615669,90.6124941296404
2025-01-06 18:00:00,21.58277256196052,54.51474394730717,7.894777109580701,95.05286276186735
2025-01-06 19:00:00,22.28797159162796,56.27966479466055,10.520112972180673,114.74136805373878
2025-01-06 20:00:00,20.88564009264921,62.335655782579636,8.6266067794572,109.72737493443151
2025-01-06 21:00:00,21.225039474181898,56.21358212444808,7.250185082073495,107.6427954143324
2025-01-06 22:00:00,22.841027335010004,59.68874920466431,8.984913251508862,100.70901619322728
2025-01-06 23:00:00,24.256124185418557,60.194436410631134,11.492496334772596,102.76165859078031
2025-01-07 00:00:00,23.26452052404527,62.01524207169447,8.81795852257864,100.03107837509428
2025-01-07 01:00:00,23.4576171561925,59.07960057907943,7.987196297722157,91.67045778906208
2025-01-07 02:00:00,25.54859619271306,62.464863554797766,10.900837139227043,103.08141715772902
2025-01-07 03:00:00,25.738088738438545,61.39452051975831,11.241521725518975,102.25133455480035
2025-01-07 04:00:00,25.58789940392832,55.10949818440136,10.96070042907332,101.89245237048938
2025-01-07 05:00:00,25.3800786186278,54.11080721678365,11.451179638850089,99.6263634505117
2025-01-07 06:00:00,27.58989636532774,52.96861895748761,6.9982474511003385,114.91920926291283
2025-01-07 07:00:00,25.032116586207252,53.60177066057836,9.734214391504322,89.26904542278041
2025-01-07 08:00:00,23.476878424010366,52.50182307338139,9.818067123807468,88.67152855592543
2025-01-07 09:00:00,27.033012498387066,48.44062512749857,10.684988441205984,119.65964321643023
2025-01-07 10:00:00,25.639981498592828,51.674350719198976,10.345335159774772,107.44149331142836
2025-01-07 11:00:00,26.525654562666375,50.06231809174168,7.6870744489435445,92.09830944490344
2025-01-07 12:00:00,23.50955401404991,51.55501084638409,8.017207011300044,95.48848830284483
2025-01-07 13:00:00,20.847203804797203,50.46559480322982,8.587876141855851,106.83751422503464
2025-01-07 14:00:00,22.814030736438152,51.52323318569825,10.694931303671689,112.89869649968186
2025-01-07 15:00:00,22.809155203861174,52.603088527923305,12.573203126109968,92.6204233682447
2025-01-07 16:00:00,21.78613703791361,54.23569867160045,11.357791607549391,112.67435462734728
2025-01-07 17:00:00,20.771630669927003,51.66163102542874,8.841635069740168,99.53149630120731
2025-01-07 18:00:00,23.737607610350857,54.6846225175265,10.437472791223376,96.58915497778325
2025-01-07 19:00:00,21.467004022080715,60.375436026491215,11.357352057430816,94.50179592842306
2025-01-07 20:00:00,23.09644661776501,53.67461703250568,11.962815545623698,88.89960487508614
2025-01-07 21:00:00,20.542892532556365,56.20575126695765,11.227959531922341,98.5815923589284
2025-01-07 22:00:00,22.362263954847666,58.49719769372361,12.505945037811006,103.1649830912994
2025-01-07 23:00:00,22.089703954528215,60.7933093667918,8.062084272452587,119.39192187257413
2025-01-08 00:00:00,25.339076226721296,63.02306998562541,11.80665764284073,104.91653968887137
2025-01-08 01:00:00,24.897760717564005,58.13854869366456,7.468666010641842,99.35930659248
2025-01-08 02:00:00,25.078693573985014,62.896476550415635,11.704701676615956,93.5804406705314
2025-01-08 03:00:00,24.18843269419363,60.40614114060735,10.86513941149172,116.5036561441294
2025-01-08 04:00:00,25.486403450142248,56.55176671451829,9.36501926213268,93.22571047848932
2025-01-08 05:00:00,26.037766557801973,53.58359853198709,10.41653461248463,74.51159443953583
2025-01-08 06:00:00,24.259535631539183,55.992259732599,9.222852644676522,119.54701355875686
2025-01-08 07:00:00,24.394346538655178,50.957146178329836,7.680560820483672,100.38417855861353
2025-01-08 08:00:00,26.295524322445203,51.86277598535519,13.721004784486638,125.77869403054012
2025-01-08 09:00:00,24.89740354189648,55.585740182516695,9.327036838939204,91.80612337177058
2025-01-08 10:00:00,24.553847079113858,50.90122252948572,11.45777157877427,90.77231721022937
2025-01-08 11:00:00,22.929955781695764,49.83708700507842,8.198216725804528,102.04532476340106
2025-01-08 12:00:00,22.800177231132185,48.841234135373355,8.52297743977971,99.01323108230186
2025-01-08 13:00:00,23.247757141793286,49.50857209208625,6.65428697430262,81.04344256112591
2025-01-08 14:00:00,22.836730259783636,49.10017699312744,6.043000564554021,88.20680257890983
2025-01-08 15:00:00,20.978514386820155,54.721633398075724,12.808576297716982,88.16666754687733
2025-01-08 16:00:00,24.22010357469659,54.66007385938421,11.118205555410379,110.52750462449188
2025-01-08 17:00:00,22.298146450944042,52.78639461841694,8.040075661446695,110.67778649103981
2025-01-08 18:00:00,20.718243756942243,53.23645452104324,12.305878319346364,89.42311012008854
2025-01-08 19:00:00,22.014603442570824,54.39922975559888,10.822399112415948,97.34455653376195
2025-01-08 20:00:00,22.144413647224027,61.91922312582713,12.061106650720271,127.40254611824113
2025-01-08 21:00:00,22.992835332256142,60.297329822281185,11.271829179050803,97.69963896814694
2025-01-08 22:00:00,22.371120552059125,62.44532200687679,15.75266870539538,89.66042600407982
2025-01-08 23:00:00,23.642657440095103,60.55495706907365,8.55298658813097,85.5402191283016
2025-01-09 00:00:00,21.993396951689505,65.54051991153648,6.927038168478154,105.01984092530432
2025-01-09 01:00:00,22.819308053526772,59.41046638247025,11.677018432770014,98.48379807624418
2025-01-09 02:00:00,24.206536797568504,59.096403865258495,8.154594494243495,99.06338822427199
2025-01-09 03:00:00,24.94190691706463,56.92142421373746,7.235548934119527,101.05823313451194
2025-01-09 04:00:00,23.777398804919734,56.02155822303189,11.041308540654338,95.94352997518325
2025-01-09 05:00:00,26.874853042474648,56.003928420657076,9.502389721380522,97.38244488892546
2025-01-09 06:00:00,26.19654619635926,50.8069400508558,12.877063071981729,118.01452026947297
2025-01-09 07:00:00,25.405804439942845,54.39363944012612,11.509308097581362,95.78746327309311
2025-01-09 08:00:00,25.47861512828521,51.75130912117856,13.582135288603414,102.295927586745
2025-01-09 09:00:00,24.589886812962554,55.095415318935494,9.275322430287698,90.6600163139055
2025-01-09 10:00:00,24.609507566039657,48.34542776769802,8.278133704138508,89.77952909293526
2025-01-09 11:00:00,25.054050069389465,48.661082505351544,7.521980467571589,89.75814652454335
2025-01-09 12:00:00,24.280338773645,48.517405434582095,8.359049907586606,118.98716905138014
2025-01-09 13:00:00,22.079269794932685,47.648943063410606,10.088187361721296,100.83833665771664
2025-01-09 14:00:00,21.46349450639555,51.45977825493948,10.644526524480849,87.50848797275071
2025-01-09 15:00:00,21.50187052802451,54.88394324279076,9.30902316984263,89.41489326788226
2025-01-09 16:00:00,22.230228772710525,52.13987984043113,8.34223994598041,91.40963990347593
2025-01-09 17:00:00,22.44358565860277,53.19711893019806,13.00218145198642,103.70853793345546
2025-01-09 18:00:00,21.3004038861338,55.45703802805946,5.7349004118534594,101.12558988660739
2025-01-09 19:00:00,21.50034072323385,56.540373065302525,13.202618944283643,105.09883178999104
2025-01-09 20:00:00,22.782345810719587,55.828822550473234,9.246072825979748,101.90807157756302
2025-01-09 21:00:00,21.380299956387407,56.94479102363322,11.984668407265199,102.59301559624816
2025-01-09 22:00:00,21.748336340940856,61.873163513033994,8.671092183310556,101.65374821814392
2025-01-09 23:00:00,22.595806112411854,60.76513183913458,11.092764345234558,72.06490616784711
2025-01-10 00:00:00,24.238970056800408,57.282253068217976,9.881077887271346,104.16601507315553
2025-01-10 01:00:00,24.215430656824143,57.24543720343529,13.148353214027622,127.35994009683475
2025-01-10 02:00:00,24.453488902630156,59.50688733874894,12.42004337884753,98.57031470027826
2025-01-10 03:00:00,23.938603501404394,59.62200920884942,10.566340180108496,92.61538856558407
2025-01-10 04:00:00,26.533227772873104,56.83601784850982,10.990162461518121,93.72289842632874
2025-01-10 05:00:00,25.323160344415072,55.92173280966563,7.309231296997845,103.60752245382417
2025-01-10 06:00:00,23.702936201765056,56.32598872939625,11.637694063257191,97.86176303885982
2025-01-10 07:00:00,24.035690847296763,55.09073943525701,9.141154497038205,105.9890906409318
2025-01-10 08:00:00,25.312371289490024,51.52676162756629,8.317042356843409,110.48333787515624
2025-01-10 09:00:00,23.451038718130466,49.2793330553891,7.169724234280904,104.79914794110654
2025-01-10 10:00:00,23.355612917852714,49.45098429927435,9.820111214632908,105.3466043321976
2025-01-10 11:00:00,24.47392799635848,49.84169466538691,8.399647723404025,103.39098333056928
2025-01-10 12:00:00,22.37172689057907,47.811635184429264,10.806302784044632,116.00363596027648
2025-01-10 13:00:00,23.145544574483786,49.22243216236495,12.862855029278041,84.72047649572579
2025-01-10 14:00:00,21.37119787338893,50.927626380358504,6.959119814307402,108.72950691628417
2025-01-10 15:00:00,21.97231304646465,48.68938598265527,7.207216674321199,97.44702658143511
2025-01-10 16:00:00,21.314581415406817,52.85319663105703,11.77780427287335,104.86723687180647
2025-01-10 17:00:00,20.456251314431654,56.11049967044441,11.314224376930142,102.2452661517954
2025-01-10 18:00:00,20.959977407224788,54.558412498703994,8.633413102060612,100.13545522455358
2025-01-10 19:00:00,22.2001798571965,53.715522358820785,11.65964571515885,96.72617033618744
2025-01-10 20:00:00,22.44131943456651,55.02729342930585,10.451528651123446,91.22610772004244
2025-01-10 21:00:00,19.976365963304207,62.100836816104156,9.436253087608016,116.36167524248714
2025-01-10 22:00:00,22.470085321803502,56.20947007875817,9.519566262215474,103.65346105334726
2025-01-10 23:00:00,24.857186330861975,60.102589786397026,11.613584698208413,99.20319532678798
2025-01-11 00:00:00,23.769083689316883,61.980530798154504,13.668325087995054,97.4860527105343
2025-01-11 01:00:00,24.76187454964468,58.60000726206326,10.588402684381586,99.5125452345674
2025-01-11 02:00:00,24.80911575647431,58.56314456197742,8.197820327900347,98.14551403329062
2025-01-11 03:00:00,26.401049969418448,56.21422867863645,11.017952011918524,99.20691115040133
2025-01-11 04:00:00,25.900954830057778,57.259304120283424,13.753189052512429,97.52643255549759
2025-01-11 05:00:00,23.69646909485161,56.83452824217952,9.734097606248936,102.45853373722386
2025-01-11 06:00:00,25.310490877612377,53.178687364337996,6.8750655465165025,96.02788080703095
2025-01-11 07:00:00,23.93411169832759,51.290985547364116,5.820657907782997,90.96863028593889
2025-01-11 08:00:00,24.206915674203316,50.95040939972085,11.723362344399623,95.55857410745756
2025-01-11 09:00:00,24.433618176139948,49.726635473060796,11.637556327695012,102.53084997504253
2025-01-11 10:00:00,25.61691631360713,50.48962503952247,12.335398543019407,93.36455388540192
2025-01-11 11:00:00,23.324657673104635,51.017344102998294,11.099480211482156,105.85161392619959
2025-01-11 12:00:00,23.35584184522313,49.47835615356994,11.376369681098337,93.46198598400063
2025-01-11 13:00:00,23.22480550967141,51.04742833615999,8.96193120552605,103.1146178579703
2025-01-11 14:00:00,21.733675092410756,48.89098778319429,11.090803612812817,75.57428990851476
2025-01-11 15:00:00,22.967635655235867,52.74136032429687,6.632148009008266,98.28688523862775
2025-01-11 16:00:00,20.675974165782463,51.17622597360627,6.6109463094053815,90.40703869008021
2025-01-11 17:00:00,21.041305578479786,52.459610737270815,13.337940582730907,92.48907379465561
2025-01-11 18:00:00,22.175502992983493,52.93471873993505,6.758828974356212,119.80540569947715
2025-01-11 19:00:00,21.144260016415817,53.04869444794684,12.327976122477462,103.5570226096632
2025-01-11 20:00:00,22.004570638575853,59.488127671127195,9.107893314115922,107.96720298145829
2025-01-11 21:00:00,22.598945792796155,57.45822250912989,10.044745636702876,117.74359231440678
2025-01-11 22:00:00,21.18792059037841,57.93554158927689,14.000997543277872,82.49910340106986
2025-01-11 23:00:00,23.7233735055569,61.26795436653639,9.140301230054567,119.36404102417727
2025-01-12 00:00:00,24.646925729632002,59.461420649164964,11.005310211993656,102.9710104026678
2025-01-12 01:00:00,24.718103083333677,60.88704201809874,10.120783553137981,97.81073462348651
2025-01-12 02:00:00,24.820850729190784,58.784402412309575,7.522780663070479,86.29608588420616
2025-01-12 03:00:00,26.516564124076815,56.30735718593084,7.7804576358745425,102.10495771111606
2025-01-12 04:00:00,25.218576836271886,58.65941221649371,7.266680001437456,102.11658170184774
2025-01-12 05:00:00,25.595687298291296,57.06416421015072,7.848737043360592,104.08800584532779
2025-01-12 06:00:00,25.19011858472099,60.06548951331193,10.778494840253398,102.22104491236728
2025-01-12 07:00:00,26.455831624556627,52.60761092451291,12.780240097143613,105.08344938489708
2025-01-12 08:00:00,25.350846370771727,51.753030231190294,11.643452902025867,86.72464019135687
2025-01-12 09:00:00,25.497415616329082,48.404398993075624,11.597070633051203,91.38009534181325
2025-01-12 10:00:00,24.97892984393267,51.43954466561851,7.94807874200985,106.6087902688835
2025-01-12 11:00:00,22.442327343535876,46.808598406934635,12.945008015169499,87.951030774033
2025-01-12 12:00:00,23.114802516164914,55.62685764316065,11.394075751173316,91.30019223017129
2025-01-12 13:00:00,22.858360720221576,46.97708704648146,8.261369778277775,90.64319737077284
2025-01-12 14:00:00,22.545597346350306,51.27231333714761,5.780256521089574,97.03988625157612
2025-01-12 15:00:00,23.073091887393055,53.505099958559825,9.248263479352294,108.30049373212019
2025-01-12 16:00:00,21.872287235027784,54.185842819513525,11.124895073113677,92.78543283693163
2025-01-12 17:00:00,21.475076640055796,57.65209575770675,10.007059176358613,106.31156174849022
2025-01-12 18:00:00,20.101826036428665,54.635761338764915,9.609039906340442,96.29942370990085
2025-01-12 19:00:00,21.22908629149096,57.40767607240266,9.013610831195296,85.7530003206336
2025-01-12 20:00:00,22.303586923954207,55.53456303048911,8.725284185366673,95.94718022340642
2025-01-12 21:00:00,22.466657808785897,62.72133088344961,6.722950751042952,91.35863909926074
2025-01-12 22:00:00,20.730207609107527,58.97816194759712,12.443504433738264,116.01052749656225
2025-01-12 23:00:00,22.642512469098126,62.10930312096183,9.29669270777972,91.30017772319381
2025-01-13 00:00:00,23.565585724987255,61.16020169199375,8.430540464767663,102.49183917671876
2025-01-13 01:00:00,22.706227516526404,60.49643566524095,10.195821637290358,105.59632993351558
2025-01-13 02:00:00,24.16669324512089,60.25625183176077,13.70235657661972,102.18936161891013
2025-01-13 03:00:00,25.024203654508806,60.31116418705765,9.995832661451123,87.61589279728055
2025-01-13 04:00:00,24.344831921567625,57.75129206687032,11.910601365356088,99.0809813086742
2025-01-13 05:00:00,25.68297264986945,58.04762090175301,11.095666063568535,89.44553537945944
2025-01-13 06:00:00,25.942277348640634,56.08910131476191,8.031518174023455,95.63608769073095
2025-01-13 07:00:00,25.425616341413203,55.815379237754534,10.569677148190946,101.94312301605413
2025-01-13 08:00:00,26.65884134890159,49.228279125759855,13.1724283237073,109.39783688204426
2025-01-13 09:00:00,24.476895076434836,51.445302583197844,10.040200753574752,106.4964473971483
2025-01-13 10:00:00,23.484895461711503,53.68192536746283,11.662898097878157,116.98038824907745
2025-01-13 11:00:00,24.34738319721988,52.65052340734699,10.08454825047439,118.93710823013303
2025-01-13 12:00:00,24.22482481493464,50.99426453519782,12.719125447119458,104.84235042330272
2025-01-13 13:00:00,23.796449278998434,48.15047082485102,12.148311610149696,89.07909413524283
2025-01-13 14:00:00,21.11715943182795,50.584699041119414,12.03473696727664,90.52461976615588
2025-01-13 15:00:00,22.66352660844001,51.331988272912504,9.212072493264223,97.64048580747891
2025-01-13 16:00:00,21.67381541173049,52.13317050036034,11.25177205204324,101.90156574212754
2025-01-13 17:00:00,23.671074967077267,51.855278213821606,14.015183586373883,93.06580595608929
2025-01-13 18:00:00,19.912751712570408,51.99094954211759,8.312675423033554,85.7755007959351
2025-01-13 19:00:00,20.919403789996885,58.13041313213904,9.435266498008872,94.68089991232391
2025-01-13 20:00:00,22.667406585235653,57.46142850289231,12.161206264554924,91.28231789196592
2025-01-13 21:00:00,20.318083751081147,57.19481025962803,12.395665165922512,100.40509383388857
2025-01-13 22:00:00,20.61448148662692,57.348981246195876,11.136650995165063,95.34927148933924
2025-01-13 23:00:00,22.301025853732355,60.827448537055815,8.404743338456974,91.71556865769948
2025-01-14 00:00:00,24.01035895830892,59.12044494614089,8.219506942904829,91.29318116832357
2025-01-14 01:00:00,23.34218935663426,56.531043666743265,12.02596542044029,113.33924499505466
2025-01-14 02:00:00,23.98538981786072,59.6284460134311,8.878694613644086,101.89042584217793
2025-01-14 03:00:00,22.41102951936661,56.26716379016873,5.372519868360067,108.49469315431284
2025-01-14 04:00:00,25.2338549162192,57.09868975366625,10.47317925600212,101.68589864429484
2025-01-14 05:00:00,26.456835761709147,58.65079309442573,8.3969039795087,98.35736498600725
2025-01-14 06:00:00,25.043236555367102,53.210180766787666,9.817119271121902,103.93763844331556
2025-01-14 07:00:00,25.388432988137748,54.77071289587618,12.430630879980402,110.66192890258702
2025-01-14 08:00:00,25.79104555905413,54.20904515711145,8.722629147455132,91.28583022842483
2025-01-14 09:00:00,26.26104887691618,52.062325895731234,5.7780199021199685,99.0445545860403
2025-01-14 10:00:00,23.338502378402502,51.53003368954472,9.797230806499872,101.19272370636658
2025-01-14 11:00:00,23.997195466357898,47.872169556568544,9.963968495355019,93.23241373806641
2025-01-14 12:00:00,23.11576838568454,52.69302393484534,10.45329645117119,105.62846430202443
2025-01-14 13:00:00,24.256057072416535,54.22784338162224,10.160022337191782,88.45722207879669
2025-01-14 14:00:00,21.757641529507094,51.82796205571188,9.187801355801358,87.82694903382607
2025-01-14 15:00:00,20.431097652530998,54.79424829118787,8.638563757750529,108.40532829325362
2025-01-14 16:00:00,21.70478149220108,53.07759699830336,11.445405988362324,112.45022842528773
2025-01-14 17:00:00,20.46023757285984,53.86358912119915,11.785254405741103,99.48561663796158
2025-01-14 18:00:00,21.02358723750743,55.79505667277243,10.589295225350556,92.50534556949441
2025-01-14 19:00:00,21.704050487561542,53.885478570767376,9.284509683242012,111.77426011165788
2025-01-14 20:00:00,21.13195220030105,58.69054391560782,7.263314921637718,108.24048185361225
2025-01-14 21:00:00,22.344522556996623,63.18141872312899,11.467607658110405,98.01473110107511
2025-01-14 22:00:00,22.24223006367537,59.85420246203281,12.974087182783267,113.35096561289578
2025-01-14 23:00:00,23.525204399871157,57.83489322332714,9.727184873386992,86.9002210269271
2025-01-15 00:00:00,22.501517384463924,57.48242790911477,10.321229050670077,100.40252823594444
2025-01-15 01:00:00,23.35948383337395,60.91994754258278,6.404822555946215,96.94222870914174
2025-01-15 02:00:00,24.73086875032824,55.89987073822337,6.580066831040607,109.83721022549719
2025-01-15 03:00:00,25.91378521627165,59.69499432331822,10.994981106398903,100.99373563637606
2025-01-15 04:00:00,25.326462835286158,59.76378511819721,9.84168894438154,112.39560614327773
2025-01-15 05:00:00,26.813582515479958,55.77758107085283,9.937962443213019,110.446403856889
2025-01-15 06:00:00,24.422042669391633,57.602456966050056,9.902655667117397,82.85289627492125
2025-01-15 07:00:00,26.18325404312734,52.4018830342553,4.658212942146552,96.6419902367186
2025-01-15 08:00:00,25.3754467551223,47.5607471267323,12.910682015601513,100.33129769417474
2025-01-15 09:00:00,23.905391828563786,49.19707113004933,12.182516751269155,104.56607305140483
2025-01-15 10:00:00,23.077476127463573,53.18209048302754,13.598873591611147,104.40845249738419
2025-01-15 11:00:00,26.728209520511534,48.77578660114226,11.909961768793174,106.3526900368998
2025-01-15 12:00:00,23.295989676363185,48.80266361682493,7.236062076227611,102.35622596499687
2025-01-15 13:00:00,23.07898587907089,50.61111204504261,9.94204009420562,91.77612705864064
2025-01-15 14:00:00,21.73150063052794,49.603761007462815,4.284784226554821,90.3728271721723
2025-01-15 15:00:00,22.482156078269757,50.60285746433719,7.977223936347004,98.68927303373859
2025-01-15 16:00:00,23.35023516913116,48.79207919946347,13.456786031617927,100.70224816629859
2025-01-15 17:00:00,23.77534078847384,52.698397032219006,8.406357364396234,102.23791564083304
2025-01-15 18:00:00,21.427619082033413,57.252963737229976,12.65267191136366,99.13600004623488
2025-01-15 19:00:00,22.638213841914165,55.10028700207361,6.474987086305706,103.38974393046406
2025-01-15 20:00:00,20.781034772445665,60.09111421215833,6.844881269786431,93.60394012340332
2025-01-15 21:00:00,22.03657268362097,57.261705802956996,13.437770681531301,103.22646761299207
2025-01-15 22:00:00,22.667497191597896,58.86652468093158,7.899905575812393,92.78565279000682
2025-01-15 23:00:00,22.24239621965996,58.53243690567445,12.785724305599521,100.34272289774106
2025-01-16 00:00:00,23.303936024658704,63.526643338224105,8.437884974424342,107.39411959665445
2025-01-16 01:00:00,25.32897728389586,62.331429140135114,11.240974517741938,104.53884683734661
2025-01-16 02:00:00,24.458149525959737,61.82853789949331,9.44619676240831,111.93543753663236
2025-01-16 03:00:00,25.19543561858821,59.36588832812307,8.166058084373738,92.5276836573691
2025-01-16 04:00:00,24.91268464436937,57.10650139492277,11.296393490700108,102.98940621629292
2025-01-16 05:00:00,25.27142099898958,59.71820324453161,8.591324581080505,105.6863002870633
2025-01-16 06:00:00,25.790177052888364,53.47748541645325,10.828028130353266,114.50123803850705
2025-01-16 07:00:00,23.86893757765693,51.38592396360891,8.383139422625696,110.58813609006862
2025-01-16 08:00:00,27.485639388485666,51.99839826461234,9.014046909957724,99.47635359098747
2025-01-16 09:00:00,25.629240184849422,51.74026912161555,10.388436708571136,125.65958307601565
2025-01-16 10:00:00,24.693944892084495,51.28845798336552,9.71669007218491,103.37335377216242
2025-01-16 11:00:00,23.163557514730204,52.20715336542893,13.168155825470977,109.0714655520683
2025-01-16 12:00:00,23.842445002255236,53.05885845965987,10.98862293612598,100.88572633254574
2025-01-16 13:00:00,22.270174356249775,52.796439563876696,10.504194050287955,105.09072412510407
2025-01-16 14:00:00,21.876143672195873,47.59317211339024,9.138934555418901,105.88797206969488
2025-01-16 15:00:00,21.395409876493765,50.53081077731454,11.647329367686105,99.78843367086321
2025-01-16 16:00:00,21.34426417286433,52.87289627229137,9.023238761847887,101.57753856289797
2025-01-16 17:00:00,21.360633039419127,52.29942878105011,9.072136313201154,88.59312167336452
2025-01-16 18:00:00,20.70970866351017,55.88889653436854,11.379619781240415,111.22988926650457
2025-01-16 19:00:00,20.98395170977957,57.05702812293052,11.054860240824324,93.06264945145436
2025-01-16 20:00:00,21.33352672241326,60.76505044142419,10.989593126314926,102.71077205898513
2025-01-16 21:00:00,21.820862578431704,58.3262127985097,7.670279409513548,98.73768839084626
2025-01-16 22:00:00,21.543094946655227,58.21911612069798,5.012150820822084,113.62049409129537
2025-01-16 23:00:00,22.115645970901372,60.71109499138471,7.8808358016924664,107.3039297429414
2025-01-17 00:00:00,22.931871727325863,63.53604477985347,9.105345971378203,95.60249300593591
2025-01-17 01:00:00,24.62936610458537,59.72597786905676,10.326832696093321,99.97019447001622
2025-01-17 02:00:00,24.241125317103577,57.12891031798254,9.048959793368681,103.52614135169559
2025-01-17 03:00:00,24.56968885965655,57.90280233414041,11.900263345855086,91.73377069094235
2025-01-17 04:00:00,23.49231271821729,58.86584707553093,10.345659126829641,104.54674169374582
2025-01-17 05:00:00,25.42498095078216,54.41060921239064,8.698906611903777,114.6602883329629
2025-01-17 06:00:00,24.272311849137708,57.13028264426055,9.634746892322925,94.33001832242813
2025-01-17 07:00:00,24.743699207184502,48.744763774020946,8.15943687685162,106.06431644520836
2025-01-17 08:00:00,26.52962727176199,51.05028924618754,10.176484878668116,112.36117844773696
2025-01-17 09:00:00,24.449608748363787,49.77939606709696,11.811410169527406,101.87795756846903
2025-01-17 10:00:00,24.97531484304595,51.71791015249689,9.971163747683704,90.07596633173306
2025-01-17 11:00:00,23.738114307151342,51.365630495270075,10.540433180691547,108.76500793942195
2025-01-17 12:00:00,22.456084375268148,49.65127183189561,10.409278149815451,105.2116146549212
2025-01-17 13:00:00,21.342781562505454,48.80966767673242,6.6060304835501675,95.87780340892012
2025-01-17 14:00:00,24.683142767234862,47.27293931774294,12.380612809492316,89.00261325728361
2025-01-17 15:00:00,22.146425709402333,49.94241516826894,11.163484122787235,103.08221453975959
2025-01-17 16:00:00,19.979783488147355,52.91864905768536,8.688732547060097,83.67378565152148
2025-01-17 17:00:00,23.11564525482465,51.403694574199825,7.358990485241808,85.24781369911602
2025-01-17 18:00:00,20.66668800341449,55.140078868125514,10.09944937053754,88.72666028323451
2025-01-17 19:00:00,18.772313880097478,57.65029208946071,11.272118165658144,101.67160402657609
2025-01-17 20:00:00,19.70673754289276,58.85548669686018,10.234958147146852,93.81506677708884
2025-01-17 21:00:00,20.569999727260782,59.48357631648323,12.176639990860883,97.4991613761024
2025-01-17 22:00:00,22.228324475438832,61.07751582087496,7.269821419505431,85.53149852065013
2025-01-17 23:00:00,20.81702551921632,59.86933506699822,9.861398400359626,99.11194672590666
2025-01-18 00:00:00,24.3226598915238,62.948287338553094,12.039954236547086,115.148297169714
2025-01-18 01:00:00,25.149107449009254,55.617509974638494,8.881305488063955,125.73156086358915
2025-01-18 02:00:00,23.340321592264424,60.25812257120908,9.136051580209406,102.95603247222704
2025-01-18 03:00:00,26.576152954876484,56.72995961173285,12.850834657773891,104.61889980315631
2025-01-18 04:00:00,27.04822108753203,57.528685792071975,10.996464763704079,117.36557346310502
2025-01-18 05:00:00,25.89279910135865,58.86250426526966,7.427239344196272,108.76374561140912
2025-01-18 06:00:00,23.293156774764736,53.702101582596406,7.844185938141847,88.12300012011377
2025-01-18 07:00:00,24.55755552012572,58.163412429262586,10.34688604167334,107.82900325552852
2025-01-18 08:00:00,25.8760676086851,52.26266914631115,10.411138863870411,87.72184017051855
2025-01-18 09:00:00,24.68353727800494,53.915934573676495,16.670509941028623,95.67702857903407
2025-01-18 10:00:00,23.173761433568068,52.11533114370847,10.778846621880302,103.98696537672106
2025-01-18 11:00:00,23.846901311581966,48.016842606602175,9.087576507873981,118.36257264047046
2025-01-18 12:00:00,24.18610063132462,49.21992277638131,6.956931764208605,105.71514123997122
2025-01-18 13:00:00,24.05086541369595,48.473634727716046,12.666137369843458,96.62849615113117
2025-01-18 14:00:00,22.653314872504055,51.62412227903734,9.744454218964758,102.61622041709006
2025-01-18 15:00:00,22.067633515659274,51.217838485058714,12.50178094680703,111.89910531504268
2025-01-18 16:00:00,23.261991255336742,54.1634325607717,10.873152001398477,101.29835054228737
2025-01-18 17:00:00,21.93675187281381,48.6637620923382,10.418734109364037,93.70815233102223
2025-01-18 18:00:00,21.90615830144108,59.14245741399748,14.586914450774632,113.30435508712984
2025-01-18 19:00:00,21.608337153034697,56.930299325557996,9.748220146460481,92.83311659973755
2025-01-18 20:00:00,21.148340651860543,57.06182717296632,11.38613303899753,88.99004454740694
2025-01-18 21:00:00,22.671342631820437,56.345787221287864,9.990640360044752,104.39757204799622
2025-01-18 22:00:00,22.22908341712517,60.41897401625753,10.510039072352837,102.07321218592405
2025-01-18 23:00:00,23.777643992831397,58.411702250517365,7.974901522083543,96.31715296839738
2025-01-19 00:00:00,23.43716486314058,63.75365236243451,6.83097830998671,108.40314441064898
2025-01-19 01:00:00,22.767721199114437,61.81015634100553,14.226816145662916,87.11199615828727
2025-01-19 02:00:00,26.799893152917512,58.455944840238516,12.66153820441695,95.4020400052621
2025-01-19 03:00:00,24.66383152556065,59.875404594160415,13.927364876908506,101.08469307611259
2025-01-19 04:00:00,24.250773882907954,54.427160912680854,9.393510557572501,91.12429545063777
2025-01-19 05:00:00,25.63126378915109,60.16157891348507,8.92345052895528,98.02623640307506
2025-01-19 06:00:00,25.016454478090356,54.98551559914427,8.86496202748447,101.75824960543308
2025-01-19 07:00:00,23.956791786789754,52.33104092658261,5.502659350496452,98.63327393151815
2025-01-19 08:00:00,27.205491610697813,50.27608165162896,8.904178670193339,113.45934078292555
2025-01-19 09:00:00,25.44902716746449,55.7748704815433,13.506528447043266,92.95286663342213
2025-01-19 10:00:00,23.88715851373704,55.8221529155938,9.569107794044282,94.16272517538992
2025-01-19 11:00:00,24.64925096538541,50.271852729636265,11.416873802299625,96.84509006626332
2025-01-19 12:00:00,22.49084976595015,51.505270718783564,13.063562520102945,106.26012370840895
2025-01-19 13:00:00,21.5388150595104,48.56871937359132,14.058063911900849,100.91946511349654
2025-01-19 14:00:00,22.440983440412207,47.982750732782094,9.011971698715527,83.84257596497368
2025-01-19 15:00:00,21.070181110738563,52.36176184237309,8.576407477159897,80.94802162881726
2025-01-19 16:00:00,22.121553379489185,50.257299227258905,9.391169340459353,99.83040486627061
2025-01-19 17:00:00,22.219207849410754,55.51234265814584,9.668843472552812,91.96884965794918
2025-01-19 18:00:00,19.920788846459935,56.03523383771248,9.417451402020488,97.97330452974919
2025-01-19 19:00:00,21.301980532402226,55.358209324468405,8.727750015427123,80.84878607733427
2025-01-19 20:00:00,20.93679749057016,58.57000990189072,9.76348115012756,107.09428009900545
2025-01-19 21:00:00,23.211834714453904,60.2814910811767,10.28836750032989,100.03559181099976
2025-01-19 22:00:00,22.83881441063399,58.285405451127026,6.112289708239704,86.39670639096526
2025-01-19 23:00:00,23.215421322566616,62.038924665063696,8.370061579482767,94.47633536740575
2025-01-20 00:00:00,23.929626710288943,59.11382629530868,10.223277983464392,100.76369599918989
2025-01-20 01:00:00,23.359746729306302,57.04704296696161,13.032393011233042,85.46972340050252
2025-01-20 02:00:00,25.462358123408094,58.85916279979272,8.523053200829414,94.03357165276208
2025-01-20 03:00:00,27.003690490792806,60.27176370734062,15.369064317517237,102.69338466502967
2025-01-20 04:00:00,25.912757054529518,60.25385363166235,9.634454728713017,82.47658155204421
2025-01-20 05:00:00,26.076566721217098,54.863950865723986,7.6129762248399215,107.91555070664921
2025-01-20 06:00:00,27.2540783109748,53.51191566058172,11.06691880670377,103.9216759812678
2025-01-20 07:00:00,27.198869036825563,54.1674268298423,7.45124334220983,86.40659261077809
2025-01-20 08:00:00,25.759238282356083,53.438985028837,11.789704181290494,113.49935564433736
2025-01-20 09:00:00,22.90929537612284,49.57462250561795,11.039306035123532,108.27298665527718
2025-01-20 10:00:00,24.944108146646023,51.98152260447945,7.79961884239912,91.9711359221588
2025-01-20 11:00:00,25.234786636928572,51.13133082381812,10.787770452987814,113.8078781285605
2025-01-20 12:00:00,22.696456763501203,49.523136528768404,9.485892596630489,90.2209825198371
2025-01-20 13:00:00,22.489410718579222,53.31603808204057,10.407242217158341,104.95204157324405
2025-01-20 14:00:00,22.930172765065052,50.290732642982775,11.316544001932975,93.92947188625432
2025-01-20 15:00:00,21.48063654773691,50.18916317989478,9.265199241570347,106.37030628864895
2025-01-20 16:00:00,18.417958650805843,51.2023801847693,11.748462849558397,102.53588205810169
2025-01-20 17:00:00,21.285379369298862,54.036355195776416,11.493143784148165,100.15185644980443
2025-01-20 18:00:00,20.617804951256502,54.36033621210654,8.749144016904495,96.60113771926211
2025-01-20 19:00:00,21.813557951200703,58.498705041291345,6.4634129842308035,107.52852161554047
2025-01-20 20:00:00,21.88545118838418,59.58168291236106,10.335666661959321,98.99077937189195
2025-01-20 21:00:00,23.66720400804777,56.382688021487816,11.600509581285664,91.33727968619561
2025-01-20 22:00:00,20.74627860321943,60.74244529508598,10.670893118514336,93.57595041180436
2025-01-20 23:00:00,23.082503620029122,59.39576772740792,7.719818815167965,89.454563734813
2025-01-21 00:00:00,23.085021801507317,63.84193690214475,9.688970329368285,102.89614122428253
2025-01-21 01:00:00,23.601150207712404,59.54223249003955,8.737794852944917,109.81319840624157
2025-01-21 02:00:00,24.144246207601146,56.829372858909736,8.185531421406994,102.76101641619678
2025-01-21 03:00:00,24.55251434359279,54.347469612933544,12.089065192415958,100.75504887748427
2025-01-21 04:00:00,24.29317636314613,60.29478707386863,9.053575146208912,97.17704364540961
2025-01-21 05:00:00,25.295154745921216,60.56697545140921,11.322855620633453,69.95263631053918
2025-01-21 06:00:00,25.725380309162013,57.18794244275082,11.64861520896007,93.9989806081249
2025-01-21 07:00:00,24.585362589227348,58.81960589457725,9.088817417503071,85.64390381581609
2025-01-21 08:00:00,25.78121414539289,50.69786684916951,7.9791372120362585,99.56473689058183
2025-01-21 09:00:00,25.34702100507405,49.382962317644775,12.486931053803357,100.90092364463563
2025-01-21 10:00:00,25.011639353306062,53.35944429393346,8.912990300088481,114.4018699424577
2025-01-21 11:00:00,22.165258990746374,47.81404072407712,10.8614994483737,102.84255945678899
2025-01-21 12:00:00,22.980753859326416,51.37325596236815,14.011570638933787,88.76635330079431
2025-01-21 13:00:00,24.17993969962775,49.03751248203702,8.458389220372643,110.2876613826686
2025-01-21 14:00:00,21.7187226198677,50.74213710148363,13.790696642806232,106.38565327379142
2025-01-21 15:00:00,23.904972995014074,50.78538841889861,10.191837244610774,104.37383634153906
2025-01-21 16:00:00,22.92911663728789,56.24017071983608,10.370435348298573,102.48109608905516
2025-01-21 17:00:00,20.52739205552574,54.84049981356101,12.012215887143501,75.60454368604681
2025-01-21 18:00:00,21.247492572505095,54.21926611096816,7.464671096807701,107.25550458107146
2025-01-21 19:00:00,21.211740389819134,57.738656471869945,12.703425030598037,78.08902645563472
2025-01-21 20:00:00,21.672445814116358,57.357027598848944,12.680168969006651,106.04470863784849
2025-01-21 21:00:00,21.631162450107993,58.87699113788736,10.097378187219721,93.72768858198404
2025-01-21 22:00:00,22.293181621775503,56.85734832861549,8.316719845640883,98.76007204856876
2025-01-21 23:00:00,22.41984191218488,57.7479275128617,9.080745538805683,92.54982074400078
2025-01-22 00:00:00,22.767921665880436,59.81923152564391,13.590281717658275,96.04276415214848
2025-01-22 01:00:00,22.43467583984806,58.09860091856921,10.600391804400545,113.96402087472599
2025-01-22 02:00:00,25.070110160907497,61.40394170117035,10.47969419260768,117.48214193370502
2025-01-22 03:00:00,25.594539554121503,57.14123700407356,10.637333345522903,107.56534796149602
2025-01-22 04:00:00,26.451633307909567,54.22328546211564,7.635410808428233,87.72150471844874
2025-01-22 05:00:00,26.52386609208253,56.34488635508729,11.387186810300033,94.8270621403554
2025-01-22 06:00:00,24.4150446179545,53.76993241519173,8.667403574438188,96.15872849729988
2025-01-22 07:00:00,24.60974502155973,52.16675415881967,13.375919817192534,74.10817974382259
2025-01-22 08:00:00,25.484219049602807,52.353099097982444,10.648308119018406,97.56330400077162
2025-01-22 09:00:00,24.85665190698939,51.189991225958025,11.203407466715872,103.27009955374865
2025-01-22 10:00:00,24.750812578563007,45.715790271138,12.882671898371676,93.29465470788418
2025-01-22 11:00:00,24.097845880915756,49.21023391728691,9.543407677673564,110.76771238875097
2025-01-22 12:00:00,23.308291683045837,47.684436252142795,8.702956492321071,104.19362023791282
2025-01-22 13:00:00,22.950452839278544,52.67798451916465,9.292792533488061,111.55873207529928
2025-01-22 14:00:00,22.6338288106567,50.48169432086777,8.48930084272216,116.92819561056228
2025-01-22 15:00:00,21.65293434812238,51.435708000562606,7.963189425877168,98.70589773272836
2025-01-22 16:00:00,21.862697272449623,52.62038494126372,11.210736404861777,92.40487302189473
2025-01-22 17:00:00,20.887476838907975,52.4843546779517,12.84368595731383,82.36544093328612
2025-01-22 18:00:00,21.864152847925705,52.80475399719727,13.692615305756302,91.22289670116646
2025-01-22 19:00:00,22.904808179101753,53.931617657594174,10.509061850199789,89.93175281337332
2025-01-22 20:00:00,22.881978439894723,50.93933111297806,10.12436167573486,106.74946531310724
2025-01-22 21:00:00,20.424822273448378,59.69800495237468,10.747849016489221,94.59869433177433
2025-01-22 22:00:00,22.143785575359782,61.457457807108774,5.63672059758353,99.83810101959493
2025-01-22 23:00:00,23.567909329884618,58.548295355537014,10.294744948877971,102.82564473031971
2025-01-23 00:00:00,21.421306970604903,57.988872838576874,11.057933239661814,121.12263309589507
2025-01-23 01:00:00,23.880484428449424,58.731942931482315,11.883203840181046,107.72414150311738
2025-01-23 02:00:00,24.930139252724427,58.54390204267885,10.042169910121348,94.70978348937884
2025-01-23 03:00:00,25.949551492848045,56.6337160017426,8.091525732956642,92.56844673616459
2025-01-23 04:00:00,23.928282748962538,58.64259657145444,10.69909221381164,110.45126821613502
2025-01-23 05:00:00,25.88188762721113,55.47125019478354,8.608449879111129,104.59709704943118
2025-01-23 06:00:00,24.860056756048653,59.45819676262651,10.045298963117787,93.84414978381302
2025-01-23 07:00:00,25.703966518258525,55.45602669789563,9.570305757492442,118.28020418335554
2025-01-23 08:00:00,24.19070342207807,55.043080797682855,9.8846607641426,97.97976562088891
2025-01-23 09:00:00,23.50287699349659,51.85124872185282,9.877555860867112,122.2510520938557
2025-01-23 10:00:00,24.256530236620883,52.69583574046238,7.739758216897471,86.83206063311326
2025-01-23 11:00:00,24.673855012974688,47.730889733724226,8.014193860266584,95.86780683178469
2025-01-23 12:00:00,22.8625021586562,48.56122308433542,12.506092756959294,94.67486984458122
2025-01-23 13:00:00,25.24955820482813,46.54441048494521,10.043099116199558,86.25967161326122
2025-01-23 14:00:00,23.0837451855346,50.3823077095458,8.395121323522325,89.02495246031316
2025-01-23 15:00:00,23.255478343962327,51.57469937952072,10.382808393008576,100.6682028597426
2025-01-23 16:00:00,20.737626538218223,52.99001955851334,11.901852597794461,93.30155960391676
2025-01-23 17:00:00,19.80016142552403,55.87537770961297,10.902354806117557,100.64928555634802
2025-01-23 18:00:00,20.93130158890686,56.32892552846545,8.561212743338638,102.95139011813781
2025-01-23 19:00:00,21.145699798583884,55.482350736157805,8.364913334146657,95.27786480650758
2025-01-23 20:00:00,22.345992899506758,54.72878129760611,11.492501519376441,93.87395971490014
2025-01-23 21:00:00,21.33951925121664,58.23211856736085,13.466115658986354,100.64815837333887
2025-01-23 22:00:00,24.293840596593203,57.83301538900061,8.566488008249642,103.78197119806234
2025-01-23 23:00:00,22.727629532068946,57.55231209400822,9.465829976658522,114.42260720761928
2025-01-24 00:00:00,22.685975287448496,60.40963350719519,11.387942867628485,95.35146954945428
2025-01-24 01:00:00,24.196309070487846,53.39892604217918,12.441588605989997,96.98170097863952
2025-01-24 02:00:00,24.521253385680545,61.62007275348746,10.744203303566977,107.50340043486676
2025-01-24 03:00:00,25.836923303650867,58.08261746722828,7.485015217126934,106.41627426536199
2025-01-24 04:00:00,24.655681875018775,60.139523489254486,7.176371469331045,99.92967963534689
2025-01-24 05:00:00,25.198622588881495,52.9145785627682,9.583031121187753,98.88500819215798
2025-01-24 06:00:00,25.719062944076565,59.599959271964956,13.900068796650245,97.39983477659797
2025-01-24 07:00:00,24.809019600725723,50.90073960855274,7.766592804500771,95.22160702259751
2025-01-24 08:00:00,25.96940643128006,51.88482768804501,10.057851301823565,95.01607925531437
2025-01-24 09:00:00,25.191958146321152,48.26025141331425,11.07773129870996,95.63703511929751
2025-01-24 10:00:00,24.49894965569943,51.838885813265485,9.644285731582594,92.02414552152453
2025-01-24 11:00:00,23.1773664063481,53.5997192115764,8.736237136971004,100.71617682521949
2025-01-24 12:00:00,25.706140538520412,51.13093194061847,10.438533858720517,112.84209114137188
2025-01-24 13:00:00,22.23536807118329,50.410110465724756,8.541718420750826,106.82463699122798
2025-01-24 14:00:00,23.402806609412774,54.08350066138999,13.24269331435832,99.12458332910833
2025-01-24 15:00:00,23.332256327791654,50.380190408558384,9.66238564497452,114.47908556720651
2025-01-24 16:00:00,22.928248945824656,48.24648326548315,9.789080762835596,109.92325115323054
2025-01-24 17:00:00,21.283341483296713,51.725925970597885,11.396371409359991,102.36493547173099
2025-01-24 18:00:00,21.54453149758999,58.78988538382906,7.286411357071902,110.61860947993691
2025-01-24 19:00:00,22.272538174450357,58.26690398181571,7.121474414906963,101.76960201369108
2025-01-24 20:00:00,20.8237450695769,55.1159335638044,13.359924127880902,98.59915272326353
2025-01-24 21:00:00,21.11920633032268,55.72054910634138,8.142019909188026,94.75022204131974
2025-01-24 22:00:00,22.807595006340826,57.70979333206243,8.83712575833406,115.13252674545662
2025-01-24 23:00:00,22.802999051049834,57.19746563752491,11.08831088676819,109.29424249956251
2025-01-25 00:00:00,24.666811486591463,59.22174710805866,7.413791398120807,92.80573679958253
2025-01-25 01:00:00,24.189243893649852,62.19404621088073,10.131906804129525,96.14173163747068
2025-01-25 02:00:00,23.496011286359945,60.983579439200774,11.562643338719905,107.67200567019565
2025-01-25 03:00:00,24.946011354453606,59.1945360984078,11.182086047386578,106.29977209975026
2025-01-25 04:00:00,25.79307345519797,56.68529725832841,8.137520445324974,104.50164531097711
2025-01-25 05:00:00,25.35800606651624,60.62597919744987,11.940614580991271,84.38822616292492
2025-01-25 06:00:00,26.83304206035667,55.961446807735484,7.039207147652235,99.28995951896927
2025-01-25 07:00:00,24.087417995513352,50.358879816360826,7.940102136052325,101.29618052789725
2025-01-25 08:00:00,24.73269508253114,52.04507088381294,6.017580459650597,101.20555256709336
2025-01-25 09:00:00,24.579402577824034,51.76493811138575,8.017528471295336,95.1506597702309
2025-01-25 10:00:00,24.392086553175,51.972237875858255,13.140941179254567,96.9943987134504
2025-01-25 11:00:00,24.243015711443686,50.2439777572682,10.658160296434524,117.1472001205943
2025-01-25 12:00:00,24.846240543320405,52.548450472714784,12.099438127961223,97.91322727613434
2025-01-25 13:00:00,23.601040645596218,49.567974265818215,12.384408813508127,89.3578191540523
2025-01-25 14:00:00,22.25156430355719,50.49916975938384,9.450303801484278,81.08669444725477
2025-01-25 15:00:00,24.392481748209068,53.71409601733641,12.875650013366856,101.53957671395383
2025-01-25 16:00:00,21.116864627981833,52.77387412512899,10.698866193810012,83.74258293804957
2025-01-25 17:00:00,23.01539979986283,50.945215590184745,11.938345303176154,100.90609240832157
2025-01-25 18:00:00,20.309319345946335,55.35868424491087,9.6569034140603,106.55446792644531
2025-01-25 19:00:00,22.48394837741352,54.70435405308222,8.36654430715686,98.66517847021375
2025-01-25 20:00:00,22.085923495367524,59.90252414610207,7.893034539373316,95.38782679826343
2025-01-25 21:00:00,22.17757130330741,57.51889387243711,13.098313982944159,90.4920078475107
2025-01-25 22:00:00,23.19132859507891,60.765651051281694,10.904128916176326,106.67798277580744
2025-01-25 23:00:00,25.52661771804453,60.956773492199744,10.151275349398421,89.61142178820569
2025-01-26 00:00:00,23.549032432456464,57.868795472054074,10.026620828103225,94.77798395198985
2025-01-26 01:00:00,24.82544850022124,60.83436111263395,13.036702828797628,113.4684073115479
2025-01-26 02:00:00,23.966319580155616,59.75137220967842,9.642328143233977,111.24882544984155
2025-01-26 03:00:00,23.958633375412557,59.160436236387234,9.869864805286802,104.17013244358282
2025-01-26 04:00:00,23.848852937304365,58.5519442635301,8.714180311066748,91.18063199314517
2025-01-26 05:00:00,24.423719505907815,57.71398436372542,7.451743746173072,104.34133285245889
2025-01-26 06:00:00,26.748093583504875,54.2473522228122,12.268436238896383,100.81559622638578
2025-01-26 07:00:00,25.58963829091311,56.82796305142405,7.979586471654905,113.04460398085787
2025-01-26 08:00:00,24.572136226252464,50.09276051580258,4.210514329503193,107.8047337264976
2025-01-26 09:00:00,25.17466967041132,51.187979210147496,12.84592897429196,113.53395067584833
2025-01-26 10:00:00,23.895553238508423,51.154848802526075,11.018911096994175,104.19471758523716
2025-01-26 11:00:00,23.46791736422147,47.67577346807648,9.703729070505728,99.00131701142831
2025-01-26 12:00:00,22.930876957189078,49.73540093211687,10.104854866727452,105.87701070302793
2025-01-26 13:00:00,22.047781097107197,50.91700341713727,9.000335033069982,105.19664204654127
2025-01-26 14:00:00,21.128996769027015,52.047273186829685,8.419230969515535,111.2558286598585
2025-01-26 15:00:00,21.439288742932835,46.809739566448485,8.515650440193804,87.41017752436467
2025-01-26 16:00:00,18.478521261650698,49.40089286168283,10.111973680370342,101.70381341464052
2025-01-26 17:00:00,20.85781989267944,52.92393324577468,10.861422004849523,89.87006281728708
2025-01-26 18:00:00,20.28882309653767,57.6191934099375,11.048288412052594,91.09215239302343
2025-01-26 19:00:00,19.967711543774005,59.77419488572536,8.204167219870683,88.33277073488473
2025-01-26 20:00:00,22.306354439377518,52.94901660531055,10.468268807985208,97.80413671966205
2025-01-26 21:00:00,21.991020823889414,56.78244941499669,10.302768591698124,88.63085601440416
2025-01-26 22:00:00,22.750279348620637,58.069070883983514,11.05699004756366,85.43106504416146
2025-01-26 23:00:00,23.870939176507346,60.18788612374096,12.840737191201963,100.5830226752913
2025-01-27 00:00:00,25.83883884963144,59.85018687213985,9.792965104650158,97.97087305576794
2025-01-27 01:00:00,23.45269717459621,59.02461664806155,10.497363230945364,110.45447580357026
2025-01-27 02:00:00,24.367967732137167,60.73377619839064,9.245226084554256,99.18155553013308
2025-01-27 03:00:00,25.052107826421672,60.065936802334214,11.048612867015683,90.46109666794715
2025-01-27 04:00:00,25.062645214319467,58.411844329589876,14.67639437567112,85.25139024606356
2025-01-27 05:00:00,24.67388917682664,57.21128631746824,12.563408770720867,102.08489494478265
2025-01-27 06:00:00,26.33986615328328,55.64232415763342,10.928714784221182,108.75784917856022
2025-01-27 07:00:00,26.245172014690286,51.328597407439666,9.72293397727479,119.20075459287567
2025-01-27 08:00:00,24.203778824523642,53.323131588018114,9.756647486924255,90.44578241634166
2025-01-27 09:00:00,25.412200443374395,49.831553755284546,13.126177353984252,96.55822630195323
2025-01-27 10:00:00,24.85759440358258,46.67894809121032,7.678402344964219,88.5551202746517
2025-01-27 11:00:00,24.32923725283985,49.37357058849365,9.976762599329794,105.2352382832351
2025-01-27 12:00:00,25.46062137647247,48.57969625714349,10.701035866271544,84.69281783712054
2025-01-27 13:00:00,24.001660495126664,47.755472218862884,12.574230207763062,83.43879345300714
2025-01-27 14:00:00,23.377524589801304,47.82615754207579,7.24581313675168,109.70553467225707
2025-01-27 15:00:00,23.411948531848783,52.26441547424274,8.993574961009866,94.09621908968018
2025-01-27 16:00:00,22.169553673950514,52.44039625136475,13.65974086955358,98.76561329904935
2025-01-27 17:00:00,20.725689663766598,53.92663491554926,10.452678742250516,116.630292344451
2025-01-27 18:00:00,20.178946632708964,55.35847696035632,9.00593494803216,109.59467444286699
2025-01-27 19:00:00,22.190360074026525,55.078622243456344,9.758964568207368,106.9231458278087
2025-01-27 20:00:00,20.816701192986567,58.177600772640886,6.8345894722215155,94.98701076890376
2025-01-27 21:00:00,23.020233556787698,57.56480691482494,6.804523984468847,90.5071235944115
2025-01-27 22:00:00,22.373709491701685,59.75266989690424,14.87516055500106,103.72791075280361
2025-01-27 23:00:00,22.91641035781668,58.62294176267673,10.12100599207722,78.53963166398047
2025-01-28 00:00:00,24.51214824865392,57.26024860418393,10.972279747821188,106.37345056719015
2025-01-28 01:00:00,24.158431392744383,59.25666059555605,9.814661276216201,114.48654316182377
2025-01-28 02:00:00,24.17155919100658,56.066734404509184,8.30311822187245,111.40622260195519
2025-01-28 03:00:00,24.16163760217854,56.99189040792451,8.982441923446887,94.93388665095556
2025-01-28 04:00:00,26.41006352426718,58.42500032063468,9.049914222504034,100.4803477697108
2025-01-28 05:00:00,22.70453612902572,54.177297128064154,10.264419956916008,96.03475996583204
2025-01-28 06:00:00,26.70645484817195,56.19612535238119,12.607657348555865,103.69474993417444
2025-01-28 07:00:00,25.841974243889414,52.10128026312573,13.17239660866563,108.53589938893454
2025-01-28 08:00:00,24.9079704419527,54.6959742456338,11.468338899861727,98.81587651988849
2025-01-28 09:00:00,24.601358591862592,51.64846332305844,10.047499506251206,108.75146325858564
2025-01-28 10:00:00,24.639712246739688,49.8916174079941,11.587669204432853,113.46575317862971
2025-01-28 11:00:00,23.263590992976535,49.335958929500485,8.18283882387638,106.7079055672423
2025-01-28 12:00:00,23.09699148925034,52.768790831257526,8.712233402418565,105.76364863208495
2025-01-28 13:00:00,23.332510595956624,51.14722373219358,9.517501853419533,104.81839205331605
2025-01-28 14:00:00,22.51388655273073,54.05428206808658,10.51786879112423,97.53707503878101
2025-01-28 15:00:00,20.403245105611223,50.25775910462825,13.819509764019024,72.82563490272017
2025-01-28 16:00:00,22.20631755339599,51.85919448321397,10.065756866327293,84.75478180515
2025-01-28 17:00:00,23.758580592039305,53.114558945770234,9.674381580893387,94.50782826814346
2025-01-28 18:00:00,20.61393281941866,55.70172105709178,7.529930577162418,94.67001970373633
2025-01-28 19:00:00,23.069552614146456,57.92725918194289,13.24305188063755,103.12832911871112
2025-01-28 20:00:00,21.487065328982982,51.91050354216749,9.081456534987424,103.52127858434835
2025-01-28 21:00:00,21.686161796452676,55.88234986550299,8.6640219810238,126.78619859360661
2025-01-28 22:00:00,22.42995380931059,56.136321760681454,15.711741821005116,97.12889834146618
2025-01-28 23:00:00,24.168251166154842,59.84946081913856,8.395628945948104,87.4060420457747
2025-01-29 00:00:00,25.577020753968952,58.063828417871456,8.080066843160417,105.57546606157787
2025-01-29 01:00:00,24.096528288722652,60.81424442189873,9.377052256895604,93.41778601332776
2025-01-29 02:00:00,22.732863927066624,60.05660729016062,5.655150037187511,118.94539529351471
2025-01-29 03:00:00,26.52001815241615,58.412620673083914,8.537529937974107,109.8282229681585
2025-01-29 04:00:00,26.114426930388912,57.011767092507874,12.101172736157675,107.66505450473805
2025-01-29 05:00:00,25.940715482362922,56.97207802240306,10.89854162869636,108.02331417298005
2025-01-29 06:00:00,26.013833744487584,53.7086044268248,8.793682114425092,122.1280906609363
2025-01-29 07:00:00,25.6846632805564,52.782302434949784,11.04599553379858,104.13698731730491
2025-01-29 08:00:00,26.047809794307874,50.85862912030872,4.654424882390316,99.83191143883103
2025-01-29 09:00:00,24.88410400551176,50.84502332641998,10.350574172779018,95.43092764622209
2025-01-29 10:00:00,23.600967142173644,49.524934458524946,11.718030710791815,98.457680179013
2025-01-29 11:00:00,24.93712642237497,47.874672648138926,9.283554974012535,103.64402813249991
2025-01-29 12:00:00,24.107250138799344,49.247402714322966,10.078055409492396,112.74766528462311
2025-01-29 13:00:00,23.343037377053534,46.80544345332012,10.882117820331905,92.06838582860631
2025-01-29 14:00:00,23.12053545422687,50.97993952382355,10.183314185804505,105.10410813294833
2025-01-29 15:00:00,23.2021679047091,54.61751425505774,12.450011022532376,90.55521248937629
2025-01-29 16:00:00,21.604584192812396,55.873591410707654,8.802758757477118,101.17909511238153
2025-01-29 17:00:00,20.471761267668334,54.537936318278604,9.576518842250314,98.15875254594535
2025-01-29 18:00:00,20.941519786222795,52.734208325899914,10.252423546224561,122.58826662008687
2025-01-29 19:00:00,21.543595016376468,53.107803227198886,9.28838879687956,90.5151524250821
2025-01-29 20:00:00,20.834936148852034,55.36014810015085,9.42391911044748,101.84017122031572
2025-01-29 21:00:00,22.81265658209408,57.911239548367426,8.821403746897007,94.569329776544
2025-01-29 22:00:00,21.330787413648423,60.8403197200773,11.276904363528278,101.4550402853857
2025-01-29 23:00:00,23.5277900202527,58.67334025340992,11.862727257237703,83.44618253422679
2025-01-30 00:00:00,23.981208996632112,62.91005363399206,6.623221223840687,88.42918676392347
2025-01-30 01:00:00,20.7474192178056,60.60811213010083,11.210725779892543,100.20469544965617
2025-01-30 02:00:00,24.410254005373996,60.31529567666733,12.294725583361323,96.68244338577567
2025-01-30 03:00:00,24.405671063104744,59.85274021344616,9.655957064611101,94.75785514645305
2025-01-30 04:00:00,26.361357175317533,56.40732250372888,7.639222273671685,93.70447041975652
2025-01-30 05:00:00,24.300833379309147,58.48102760271483,10.925907229454761,102.19189901103681
2025-01-30 06:00:00,26.202318928164214,56.344280429821964,11.092546036103515,105.98180264183482
2025-01-30 07:00:00,24.035679953267092,56.500570978466016,10.951740717710853,115.30200574358297
2025-01-30 08:00:00,24.805481806860133,51.669635246382555,8.970884782899038,94.60466372142325
2025-01-30 09:00:00,24.696994731173262,49.198463297127645,8.465601155411896,78.38904288723526
2025-01-30 10:00:00,23.976737486660824,46.28572945190102,6.094518775569159,106.69851765028103
2025-01-30 11:00:00,26.03787965731241,53.63546555831063,10.595632354628815,109.57637230629146
2025-01-30 12:00:00,23.40759542027523,50.176310108329595,8.236401617262917,99.6127684641423
2025-01-30 13:00:00,23.288322174816397,51.014125714786815,13.103434065224146,85.61077886816136
2025-01-30 14:00:00,22.15682191669468,52.68962098316136,13.135102855725485,116.0515970204861
2025-01-30 15:00:00,21.530025300072886,53.02611169859207,11.415557901151082,96.26858432756492
2025-01-30 16:00:00,20.914103013009427,49.754097984649526,10.35510544393644,105.38545934383887
2025-01-30 17:00:00,20.88192788585915,52.65715628315911,6.804840595739555,78.22523769850966
2025-01-30 18:00:00,22.683230643512363,54.12909163096284,14.21048187323396,106.5418290816541
2025-01-30 19:00:00,22.761694629322445,56.035843853960586,11.880726693894317,112.8061556778876
2025-01-30 20:00:00,21.989409294231287,57.78558755098116,13.558247734650468,108.87660345257481
2025-01-30 21:00:00,20.946969793064248,60.368706944774495,6.859538674324554,92.59470928326807
2025-01-30 22:00:00,22.97908048591374,55.99999065131092,8.761924524567709,102.39935853953351
2025-01-30 23:00:00,23.07673973362316,63.29027346117668,11.642192848047454,92.29878315249982
